id;name;surname;birthday
1;value-added bifurcated;moderator synthesize Plastic;2022-01-04T05:23:00
2;Mouse;silver Granite;2022-01-04T08:58:26
3;Sports cross-media Wooden;Mexique asymmetric Bedfordshire;2022-01-04T04:34:44
4;interface payment;efficient;2022-01-04T02:42:24
5;hacking;reinvent wireless lime;2022-01-04T14:13:56
6;vertical unleash Frozen;Ergonomic Toys;2022-01-04T05:10:24
7;payment Incredible;virtual;2022-01-03T19:19:59
8;Berkshire;Cotton Pants Tunisian;2022-01-04T00:49:46
9;multi-byte Multi-lateral;Incredible Joubert d'Azur;2022-01-04T15:00:27
10;white calculate;Leone;2022-01-03T19:18:25
